axis,doi_or_url,year,source_type,first_author_or_tool,fitting_software,uncertainty_reported,comparison_method,domain,notes
01_primary,10.1016/j.foodres.2026.119162,2026,primary_paper,Mechanistic insights into Salmonella growth kinetics under solute-induced water ,not in abstract,not_specified,not in abstract,predictive_microbiology,PMID 42116454; combined Gompertz + Norrish equation; lag time / max growth rate reported; no CIs mentioned
01_primary,10.3389/fmicb.2026.1791223,2026,primary_paper,Kinetic data analysis for probiotic Lacticaseibacillus rhamnosus GG growth and p,not in abstract,none_point_only,none,predictive_microbiology,PMID 42112441; compared Baranyi-Roberts vs new logistic; R2 and RMSE only - no parameter uncertainty
01_primary,10.1016/j.ijfoodmicro.2026.111803,2026,primary_paper,Ozone-mediated microbial succession and kinetic for refrigerated grass carp fill,not in abstract,none_point_only,not_specified,predictive_microbiology,PMID 42019235; Gompertz primary + square root secondary; R2 reported but no CIs
01_primary,10.3390/ani16091314,2026,primary_paper,"A Large Lizard in a Small Islet: Abundance, Body Growth, and Diet of Podarcis pi",not in abstract,not_specified,not_specified,other,PMID 42121734; LIZARD body growth not microbial - excluded but logged for transparency
01_primary,10.3390/ani16030415,2026,primary_paper,Partial and Total Substitution of Soybean Meal with Black Soldier Fly Larvae Mea,not in abstract,not_specified,ANOVA,other,PMID 41681396; quail growth - off-topic but logged
01_primary,10.5713/ab.250655,2026,primary_paper,Predictive modeling of Salmonella Thompson growth in unpasteurized liquid egg pr,not in abstract,none_point_only,not_specified,predictive_microbiology,PMID 41679273; Baranyi best fit; no CIs in abstract
01_primary,10.1016/j.ajo.2026.04.002,2026,primary_paper,In Vitro Study of Microbial Growth in Artificial Tears Using a Novel Kinetic and,not in abstract,not_specified,not_specified,microbiology,PMID 41956347; S. aureus + P. aeruginosa in artificial tears; turbidity OD-based; reports P<0.001 group differences
01_primary,10.1016/j.micpath.2026.108436,2026,primary_paper,Biological activities of Lippia gracilis Schauer essential oil and modelling of ,not in abstract,none_point_only,not_specified,antimicrobial,PMID 41825723; Baranyi R2 0.84-0.99; no parameter CIs
01_primary,10.3390/microorganisms14010133,2026,primary_paper,Impact of Submerged Fermentation Parameters on Proteins Extracted from Ganoderma,not in abstract,none_point_only,not_specified,microbiology,PMID 41597654; estimated mu = 0.0068 h-1; no uncertainty reported
01_primary,10.1016/j.fm.2025.104866,2026,primary_paper,Storage stability of purple glutinous rice: Kinetic modeling of Penicillium citr,not in abstract,not_specified,not_specified,predictive_microbiology,PMID 40889857; P. citrinum + cardinal model; ergosterol biomass marker
01_primary,10.7717/peerj.17879,2025,primary_paper,Kinetic parameters of Scenedesmus obliquus growth and yield under different cult,not in abstract,none_point_only,none,microbiology,PMID 40821995; R2 0.65-0.99; no parameter CIs in abstract
01_primary,10.1016/j.fm.2025.104854,2025,primary_paper,"Fate of Salmonella, Escherichia coli, and Listeria monocytogenes in dark leafy g",not in abstract,none_point_only,not_specified,predictive_microbiology,PMID 40683734; Baranyi R2 0.474-0.997; wide R2 range suggests model misspec but not acknowledged
01_primary,10.1016/j.ijfoodmicro.2025.111343,2025,primary_paper,"Listeria monocytogenes growth under well-controlled CO2, pH, and temperature con",not in abstract,not_specified,not_specified,predictive_microbiology,"PMID 40652695; compared logistic, Gompertz, Baranyi; Baranyi best fit; mu values reported as point estimates"
01_primary,10.1371/journal.pcbi.1013110,2025,primary_paper,Variance in C. elegans gut bacterial load suggests complex host-microbe dynamics,not in abstract,not_specified,not_specified,microbiology,PMID 40489496; rejects standard logistic; proposes stochastic switching; advocates mathematical modeling
01_primary,10.1016/j.jenvman.2025.125824,2025,primary_paper,Expedited screening of methanotroph-microalgae cocultures for integrated biogas ,not in abstract,not_specified,not_specified,synthetic_biology,PMID 40466306; 9-reactor parallel screening; mu/lag/K estimated
01_primary,10.1007/s10068-025-01835-w,2025,primary_paper,Gompertz-derived growth kinetics of Salmonella enterica serovar Bareilly in prec,not in abstract,SE,not_specified,predictive_microbiology,PMID 40351709; reports mean +/- SD for mu and lag; e.g. mu=0.474+/-0.148 for eggs
01_primary,10.1016/j.jfp.2025.100512,2025,primary_paper,Modeling and Validation of the Effects of Amino Group Concentrations on the Grow,not in abstract,none_point_only,none,predictive_microbiology,PMID 40274024; Baranyi-Roberts primary; RMSE comparisons but no CIs
01_primary,10.3390/foods14050777,2025,primary_paper,Growth Rate Determination of Listeria monocytogenes in Ready-To-Eat Fish Product,not in abstract,none_point_only,not_specified,predictive_microbiology,PMID 40077480; Baranyi-Roberts; only point mu estimates given
01_primary,10.3390/foods14040661,2025,primary_paper,"Anti-Listeria Effect of Citrus limon Peel Extract In Silico, In Vitro, and in Fe",not in abstract,none_point_only,not_specified,antimicrobial,PMID 40002105; reports 0.021/h reduction; no uncertainty
01_primary,10.1016/j.bios.2025.117260,2025,primary_paper,A 3D porous electrode for real-time monitoring of microalgal growth using EIS,custom scipy,none_point_only,none,synthetic_biology,PMID 39983293; impedance vs counting; mu compared 0.75 vs 0.85 /day; no CIs
01_primary,10.1016/j.fm.2025.104726,2025,primary_paper,Variability of growth parameter estimates - The role of rescaling and reparametr,custom scipy,bootstrap,none,predictive_microbiology,PMID 39952767; KEY METHODOLOGICAL PAPER; explicit comparison of BRM vs Gompertz error structure; argues BRM more reliable for CIs
01_primary,10.3390/foods14030532,2025,primary_paper,Effect of Nisin and Storage Temperature on Outgrowth of Bacillus cereus Spores i,not in abstract,none_point_only,not_specified,predictive_microbiology,PMID 39942125; Baranyi + Ratkowsky; tertiary model validated; no parameter CIs
01_primary,10.1016/j.psj.2025.104767,2025,primary_paper,Identification of QTLs associated with growth curve parameters in Wenshang barre,not in abstract,not_specified,not_specified,other,PMID 39778364; chicken not microbial - off-topic
01_primary,10.3390/foods13244065,2024,primary_paper,Integrated Quality Prediction Model for Food Quality Management Based on E. coli,not in abstract,not_specified,not_specified,predictive_microbiology,PMID 39767007; uses modified Gompertz + transfer-rate equation
01_primary,10.1016/j.heliyon.2024.e40936,2024,primary_paper,"Modelling growth of two Listeria monocytogenes strains, persistent and non-persi",not in abstract,none_point_only,t_test,predictive_microbiology,PMID 39759359; significant differences at 40-43C reported p<0.05 without explicit CIs
01_primary,10.1016/j.tibtech.2024.11.007,2025,primary_paper,Guidelines for selection and application of kinetics models in bioproduction pro,not in abstract,not_specified,not_specified,predictive_microbiology,PMID 39672764; REVIEW - excluded from primary count but logged
01_primary,10.1016/j.fm.2024.104650,2025,primary_paper,PMA qPCR vs plate count for quantifying Salmonella growth in turkey breast,not in abstract,none_point_only,t_test,predictive_microbiology,PMID 39448160; Baranyi-Roberts; R2 >=0.984; mean bias -0.11 log; no parameter CIs
01_primary,10.1111/1750-3841.17362,2024,primary_paper,Linking intraspecies variability of Salmonella enterica isolates under acidic co,not in abstract,none_point_only,none,predictive_microbiology,PMID 39363210; 1002 curves per condition; OD600 turbidimetry; reports range of mu but no per-strain CIs; KEY for misspec story - huge variability classified into slow/intermediate/fast
01_primary,10.1016/j.foodres.2024.114684,2024,primary_paper,Modelling colony growth dynamics of Listeria monocytogenes single cells after ex,not in abstract,not_specified,not_specified,predictive_microbiology,PMID 39059941; time-lapse microscopy; single-cell variability documented; skewness reported
01_primary,10.3389/fmicb.2024.1360343,2024,primary_paper,Mitigating aflatoxin B1 in high-moisture sorghum silage: Aspergillus flavus grow,not in abstract,none_point_only,not_specified,predictive_microbiology,PMID 38846571; Gompertz mu vs temperature; predictive model
01_primary,10.1016/j.ijfoodmicro.2024.110645,2024,primary_paper,Chilled Pacu fillets: Modeling Pseudomonas spp. and psychrotrophic bacteria grow,not in abstract,none_point_only,none,predictive_microbiology,PMID 38430687; Baranyi-Roberts; square root secondary R2>0.97; bias/accuracy factors 1.24-1.49
01_primary,10.1016/j.curtheres.2024.100731,2024,primary_paper,Inhibitory Effects of Heat-Killed Lactic Acid Bacterium Enterococcus faecalis on,not in abstract,not_specified,not_specified,antimicrobial,PMID 38380421; CFU counting + gingipain; no growth model mentioned but compares treatments
01_primary,10.1099/acmi.0.000742.v3,2024,primary_paper,"BactEXTRACT: R Shiny app to extract, plot and analyse bacterial growth and gene ",custom (BactEXTRACT R Shiny),not_specified,not_specified,microbiology,PMID 38361656; TOOL paper; visualization-focused
01_primary,10.1128/spectrum.03650-23,2024,primary_paper,Cultivating efficiency: high-throughput growth analysis of anaerobic bacteria in,growthcurver,none_point_only,t_test,microbiology,PMID 38501820; uses Growthcurver R; compared two readers; growth rates 'statistically indistinguishable'; arsenite dose-response
01_primary,10.3390/antibiotics13060483,2024,primary_paper,CRISPR Interference-Mediated Silencing of mmpL3 in Mycobacterium smegmatis and I,not in abstract,none_point_only,t_test,antimicrobial,PMID 38927150; reports p<0.05 for growth differences; no model named
01_primary,10.1016/j.ijantimicag.2024.107265,2024,primary_paper,Complex evolutionary trajectories of two novel KPC variants conferring CAZ/AVI r,not in abstract,not_specified,not_specified,antimicrobial,PMID 38964622; growth curves mentioned; competition assays; no model named
01_primary,10.1093/mmy/myae011,2024,primary_paper,Real-time monitoring of mycelial growth in liquid culture using hyphal dispersio,not in abstract,not_specified,not_specified,antimicrobial,PMID 38429972; antifungal screening; OD-based real-time
01_primary,10.3390/microorganisms13051125,2025,primary_paper,Comparison of In Vitro Methods for Assaying Antibacterial Activity of Natural Es,not in abstract,none_point_only,not_specified,antimicrobial,PMID 40431297; mu/lag/maxOD via curve-fitting software; emphasizes 3x3 replicates; multiple parameters but no uncertainty
01_primary,10.1093/synbio/ysaf001,2025,primary_paper,Oligonucleotide library assisted sequence mining reveals promoter sequences in C,not in abstract,not_specified,not_specified,synthetic_biology,PMID 40401050; plate reader + flow cytometry; 500 candidate promoters; no growth model mentioned
01_primary,10.1093/bioadv/vbaf038,2025,primary_paper,Welly: a web-tool for visualizing growth curves from microplate data,custom (Welly),SE,not_specified,microbiology,PMID 40092528; reports mean +/- SD of triplicates; downloads AUC and max growth rate
01_primary,10.1093/synbio/ysac010,2022,primary_paper,Multicolor plate reader fluorescence calibration,custom,not_specified,not_specified,synthetic_biology,PMID 35949424; calibration paper; supports cross-lab comparison
01_primary,10.1371/journal.pone.0276040,2022,primary_paper,Estimating microbial population data from optical density,not in abstract,none_point_only,none,microbiology,PMID 36228033; KEY paper for calibration; OD vs cells/ml relationship; 4 bacterial genera; 96- vs 384-well plates
01_primary,10.1128/spectrum.04171-25,2026,primary_paper,Development of a high-throughput growth assay using agar-based insoluble carbon ,not in abstract,not_specified,not_specified,microbiology,PMID 42059392; Cellvibrio japonicus wild-type and deletion mutants; 96-well
01_primary,10.3390/ijms27083410,2026,primary_paper,Mixing Is Dispensable for OD-Based High-Throughput Growth Screening in Fission Y,not in abstract,t_test,t_test,microbiology,PMID 42074057; doubling-time comparison; ~10% mean difference; no CIs reported
01_primary,10.1111/1751-7915.70337,2026,primary_paper,Influence of Ploidy and Genetic Background on Stress Tolerance of Intraspecific ,not in abstract,not_specified,not_specified,microbiology,PMID 41882949; 1023 yeast hybrids; high-throughput; heterosis analyses
01_primary,10.1159/000551544,2026,primary_paper,Analysis of the Helicobacter pylori proteases HP0087 and HP1037,not in abstract,none_point_only,t_test,microbiology,PMID 42085348; plate reader growth assays; mutant vs WT; significance claim without explicit model
01_primary,10.1016/j.xpro.2026.104536,2026,primary_paper,Protocol for condensate-based stabilization of gene circuit dynamics in E. coli,not in abstract,not_specified,not_specified,synthetic_biology,PMID 42090292; protocol paper; plate reader + microscopy
01_primary,10.1128/jmbe.00025-26,2026,primary_paper,Examining the relationship between ploidy and cell growth using budding yeast,not in abstract,not_specified,not_specified,microbiology,PMID 41800917; educational; OD every 20 min; doubling time calc
01_primary,10.1101/pdb.prot108687,2026,primary_paper,High-Throughput Microbial Assay for Amino Acid Measurement Using Auxotrophic E. ,not in abstract,not_specified,not_specified,microbiology,PMID 41461567; turbidity-based amino acid measurement
01_primary,10.3389/fbioe.2025.1572694,2025,primary_paper,Optimization of Candida tropicalis growth conditions on silicone elastomer by RS,not in abstract,not_specified,not_specified,microbiology,PMID 40746591; response surface methodology; biofilm + viability
01_primary,10.3389/fmicb.2025.1569217,2025,primary_paper,Real-time evaluation of antibacterial efficacy using bioluminescent assays for P,not in abstract,not_specified,not_specified,antimicrobial,PMID 40950597; bioluminescence vs MIC; significance claim
01_primary,10.1093/jac/dkaf317,2025,primary_paper,The pivotal role of acnA in linking carbon metabolism to virulence and AMR in MR,not in abstract,not_specified,not_specified,antimicrobial,PMID 40874906; mutant vs WT; MIC fold changes
01_primary,10.3389/fmicb.2025.1570764,2025,primary_paper,Combined inactivation of SOS response with TCA fumarases enhances antibiotic sus,not in abstract,not_specified,not_specified,antimicrobial,PMID 40415939; mutant collection susceptibility; ST131 validation
01_primary,10.1093/jac/dkaf121,2025,primary_paper,Detection of a novel SME-6 Carbapenemase in Serratia ureilytica,not in abstract,not_specified,not_specified,antimicrobial,PMID 40219834; growth analysis at two temperatures; lag phase reported
01_primary,10.1039/d4an01339e,2025,primary_paper,Real-time microbial growth curve (RMGC) system: improved microplate reader,not in abstract,SE,not_specified,microbiology,PMID 39902620; reports RSD 3.25% on OD; inflection point RSD 2.52%; technical reproducibility focus
01_primary,10.1128/spectrum.01346-24,2025,primary_paper,Establishment of a rapid new detection method for AST of K. pneumoniae based on ,not in abstract,not_specified,not_specified,antimicrobial,PMID 39656012; growth kinetics + MALDI-TOF; 85% agreement
01_primary,10.1016/j.jgar.2024.09.009,2024,primary_paper,Detection of carbapenem-resistant gram-negative bacilli using RAISUS S4,not in abstract,not_specified,not_specified,antimicrobial,PMID 39427990; growth curve monitoring for AST; sensitivity/specificity
01_primary,10.1016/j.jgar.2024.06.003,2024,primary_paper,Fitness cost of tet(A) type I variant-mediated tigecycline resistance,not in abstract,not_specified,not_specified,antimicrobial,PMID 38878896; growth + competition assays; fitness W=0.56
01_primary,10.1128/mbio.00781-24,2024,primary_paper,High-throughput genetics enables identification of nutrient utilization genes in,not in abstract,not_specified,not_specified,microbiology,PMID 39120137; RB-TnSeq; >100 conditions; fitness assays
01_primary,10.3390/microorganisms12081588,2024,primary_paper,A Bead Biofilm Reactor for High-Throughput Growth and Translational Applications,not in abstract,SE,not_specified,microbiology,PMID 39203430; reports averages with units
01_primary,10.1007/s00253-024-13233-z,2024,primary_paper,Ultra-High Throughput Growth Selection Assay for Amidase Activity,not in abstract,not_specified,not_specified,synthetic_biology,PMID 38910173; selection assay
01_primary,10.14715/cmb/2024.70.5.4,2024,primary_paper,The characteristics of novel Pseudomonas mendocina isolated from freshwater aqua,not in abstract,not_specified,not_specified,microbiology,PMID 38814239; microbial high-throughput growth detector used
01_primary,10.3390/molecules28145403,2023,primary_paper,Isolation of Pseudomonas oleovorans Carrying MdtA and MdtB from Wastewater,not in abstract,not_specified,not_specified,microbiology,PMID 37513278; microbial high-throughput growth detector
01_primary,10.1186/s12866-026-04795-1,2026,primary_paper,Characterization of a conjugative IncFII/IncR plasmid harboring blaKPC-2 in C. f,not in abstract,not_specified,not_specified,antimicrobial,PMID 41639778; plasmid retention assays; fitness cost mentioned
01_primary,10.1186/s12879-026-13214-9,2026,primary_paper,Time-associated phenotypic changes in S. aureus during relapsing infection,not in abstract,not_specified,not_specified,microbiology,PMID 41922994; in vitro growth measured; time-kill assays
01_primary,10.1186/s12864-025-12325-y,2025,primary_paper,Genomic evolution and stability of mcr-1-harboring IncI2 plasmid in colistin,not in abstract,not_specified,not_specified,evolution,PMID 41257606; 60-day laboratory evolution; plasmid stability assays
01_primary,10.1093/jac/dkaf337,2025,primary_paper,Rapid replacement of blaKPC variant in ST11 CR-hvKp during severe in vivo infect,not in abstract,not_specified,not_specified,antimicrobial,PMID 40973133; competition assays; growth curves implied
01_primary,10.1016/j.ijantimicag.2026.107841,2026,primary_paper,In Vivo Evolution of Tigecycline Resistance in ST540 CR-AB,not in abstract,not_specified,not_specified,evolution,PMID 42107728; fitness costs mentioned
01_primary,10.1007/s11274-026-04908-y,2026,primary_paper,Resistance associated genomic variations for tigecycline resistance in A. bauman,not in abstract,not_specified,not_specified,evolution,PMID 41933192; experimental evolution; ~20-fold MIC increase
01_primary,10.1093/evolut/qpag052,2026,primary_paper,Evolution of Thermal Performance Curves and life-history traits,not in abstract,not_specified,not_specified,evolution,PMID 41894220; 4 protist species; population growth rate curves
01_primary,10.1093/evolut/qpag027,2026,primary_paper,Addressing multi-generational non-genetic responses in experimental evolution st,not in abstract,not_specified,not_specified,evolution,PMID 41728916; methodological commentary; not primary fit paper
01_primary,10.1371/journal.pgen.1012050,2026,primary_paper,Regulatory rewiring drives intraspecies competition in Bacillus subtilis,not in abstract,not_specified,not_specified,evolution,PMID 41701782; B. subtilis competition; small differences in growth rate -> exclusion
01_primary,10.1093/evolut/qpag022,2026,primary_paper,To survive in the cold: evolution of reduced decay rate in a bacteriophage,not in abstract,not_specified,not_specified,evolution,PMID 41671162; P. fluorescens phage 20 dilution-propagation cycles
01_primary,10.1093/evlett/qraf048,2026,primary_paper,Historical contingency limits adaptive diversification in a spatially structured,not in abstract,not_specified,not_specified,evolution,PMID 41646637; E. coli evolution experiments
01_primary,10.1093/molbev/msag048,2026,primary_paper,The Genetic Architecture of Venom Resistance,not in abstract,not_specified,not_specified,evolution,PMID 41739857; experimental evolution; off-topic (Drosophila)
01_primary,10.1002/ece3.73160,2026,primary_paper,Rapid Adaptation to Road Salts in a Freshwater Microbial Eukaryote,not in abstract,not_specified,not_specified,evolution,PMID 41766734; Tetrahymena thermophila; growth rates + lag times
01_primary,10.64898/2026.03.12.711341,2026,primary_paper,Experimental Evolution of Yeast Reveals Trade-offs Between Early and Late Statio,not in abstract,not_specified,not_specified,evolution,PMID 41890125; S. cerevisiae batch culture; relative fitness measures
01_primary,10.1128/mbio.03883-25,2026,primary_paper,Disruption of methionine synthesis repressor makes E. coli mutualistic to stinkb,not in abstract,not_specified,not_specified,microbiology,PMID 41615162; gene disruption; emergence rates
02_tools,10.1186/s12859-016-1016-7,2016,tool_methods,growthcurver,growthcurver,SE,,R (CRAN),"citations:736 | Levenberg-Marquardt NLS via minpack.lm to logistic equation; SummarizeGrowth output includes k_se, n0_se, r_se (Wald-type SEs from nls covariance), plus sigma (residual SE) and df; no "
02_tools,10.1093/bioinformatics/btt291,2013,tool_methods,opm,opm,bootstrap_CI,,R (CRAN/Bioconductor-style),citations:227 | Spline-fit by default (preferred over parametric); confidence intervals available via bootstrap or via aggregating replicate groups; parametric models (logistic/Gompertz/Richards) also
02_tools,10.18637/jss.v033.i07,2010,tool_methods,grofit,grofit,bootstrap_CI,,"R (CRAN, archived)",citations:504 | Fits parametric models (logistic/Gompertz/Gompertz.exp/Richards) by NLS plus a model-free smoothing spline; bootstrap (and cross-validation) used for CIs on derived parameters lambda/m
02_tools,10.1371/journal.pone.0146021,2015,tool_methods,drc,drc,Wald_CI,,R (CRAN),"citations:3129 | NLS for nonlinear dose-response models with optional GLM-link for binomial/Poisson; confint() returns Wald-type CIs (t-dist for continuous, normal for binomial/Poisson); profile-likel"
02_tools,10.1038/ncomms13766,2016,tool_methods,fitderiv/omniplate,fitderiv/omniplate,Bayesian_CI,,Python,"citations:132 | Nonparametric Gaussian-process regression of log(OD), then analytic derivative gives growth rate with full posterior; paper shows credible bands track noise level; partial calibration:"
02_tools,10.1128/mSystems.00508-21,2021,tool_methods,AMiGA,AMiGA,Bayesian_CI,,Python,"citations:48 | Gaussian-process regression with Bayesian hyperparameter inference; default output is posterior mean and 95% credible interval for growth, derivative, lag, AUC, K; Bayes-factor hypothes"
02_tools,10.1038/s41596-023-00850-7,2023,tool_methods,QurvE,QurvE,bootstrap_CI,,R (CRAN) + Shiny,"citations:62 | Three workflows: parametric NLS (logistic/Gompertz/Richards/Huang/Baranyi), smoothing-spline first-derivative max, and Theil-Sen linear regression on sliding windows of log(OD); bootstr"
02_tools,10.18637/jss.v107.i01,2023,tool_methods,biogrowth,biogrowth,Bayesian_CI,,R (CRAN),"citations:33 | Two fitting algorithms exposed via fit_growth(): regression = NLS (point estimates plus Wald SEs from FME::modFit), MCMC = Adaptive Metropolis via FME::modMCMC; predictMCMC() and predic"
02_tools,10.1038/s41467-025-61592-6,2025,tool_methods,Kinbiont,Kinbiont,none,,Julia,"citations:3 | Multistart nonlinear optimization (k-means seeding, 50+ restarts) of ODE / hardcoded growth models; model selection by AICc; default kinbiont_fit returns point estimates and loss/AIC onl"
02_tools,10.1093/molbev/mst187,2014,tool_methods,GrowthRates,GrowthRates,SE,,C / standalone,citations:494 | Linear regression of ln(OD) over a 5-point moving window; reports the slope (max growth rate) together with the regression SE and R^2; recommends discarding fits with SE > 3% or R^2 < 
02_tools,"(CRAN package, no peer-reviewed methods paper)",2017,tool_methods,growthrates (R),growthrates (R),Wald_CI,,R (CRAN),"citations:NA (~70 via CRAN reports) | Built on FME (Soetaert and Petzoldt 2010); supports (i) linear ""easy linear"" method of Hall et al. 2014, (ii) NLS for parametric primary models (logistic/Gompertz"
02_tools,10.1002/elsc.202100108,2022,tool_methods,bletl,bletl,Bayesian_CI,,Python (PyMC),"citations:18 | Parses BioLector microbioreactor data; bletl.growth.fit_mu_t fits a Student-t-distributed random-walk model for time-varying growth rate via PyMC NUTS, plus a calibr8 calibration model "
02_tools,10.1016/0168-1605(94)90157-0,1994/2003,tool_methods,DMFit / ComBase,DMFit / ComBase,Wald_CI,,Excel add-in + Web,"citations:2593 (Baranyi & Roberts 1994 model paper) | Fits Baranyi-Roberts primary growth/survival model by nonlinear least squares; reports point estimates, parameter SEs, and 95% Wald CIs plus RMSE "
02_tools,10.1186/s12859-024-05817-3,2024,tool_methods,gcplyr,gcplyr,none,,R (CRAN),"citations:54 | Tidy-data wrangling plus model-free per-capita derivative; explicitly avoids parametric fitting; outputs point estimates of max growth rate, lag, AUC, carrying capacity from smoothed de"
02_tools,10.1186/s12859-024-05692-y,2024,tool_methods,Dashing Growth Curves,Dashing Growth Curves,SE,,Python (Dash web app),"citations:13 | Web app fitting logistic and Gompertz NLS, Easy-Linear (Hall et al), exponential approximation; uses Python ""uncertainties"" library to propagate Gaussian/Wald-type SEs on derived quanti"
02_tools,10.1128/aem.56.6.1875-1881.1990,1990,tool_methods,Zwietering et al. (foundational primary models),Zwietering et al. (foundational primary models),none,,(theory paper),"citations:4188 | Foundational paper deriving the modified-Gompertz, logistic, Richards, Schnute parameterizations in terms of biologically interpretable mu_max, lambda, A; original fits are NLS to mea"
02_tools,10.3389/fevo.2023.1313500,2023,tool_methods,"Ghenu, Marrec & Bank (review/critique)","Ghenu, Marrec & Bank (review/critique)",(reviews multiple),,(review),citations:20 | Position/review paper showing via simulations that statistical max-per-capita estimators (mu_max) systematically differ from kinetic intrinsic mu; documents that >10% of surveyed growth
02_tools,NA,(continuous),tool_methods,GraphPad Prism,GraphPad Prism,Wald_CI,,GUI (Win/Mac),"citations:(commercial, no methods paper) | Levenberg-Marquardt NLS to user-chosen model (logistic, Gompertz, exponential, user-defined); default report is best-fit values, SEs, 95% Wald (symmetric) CI"
03_prior_art,10.1016/j.fm.2025.104726,2025,prior_art,Rockaya M,,,,direct,Baranyi & Rockaya show that for the Baranyi-Roberts primary growth model the error structure after reparametrization is approximately linear so t-distribution-based standard errors give realistic conf
03_prior_art,10.1016/j.ijfoodmicro.2018.05.027,2018,prior_art,Akkermans S,,,,direct,"Tutorial benchmarking sigma-point, Monte Carlo, linearisation, and bootstrap propagation of parameter uncertainty through Baranyi-style growth models — focuses on propagation accuracy rather than freq"
03_prior_art,10.1016/j.ijfoodmicro.2018.05.027,2018,prior_art,Akkermans S,,,,supporting,Compares experimental designs for estimating growth-model parameters and quantifies the resulting parameter uncertainties.
03_prior_art,10.1016/j.ijfoodmicro.2022.110045,2023,prior_art,Garre A,,,,direct,Demonstrates that experimental detection limits and censoring induce systematic bias in fitted growth-model parameters — a misspecification of the data-generating process rather than the deterministic
03_prior_art,10.1016/j.ijfoodmicro.2023.110345,2023,prior_art,Rodriguez-Caturla MY,,,,supporting,Propagates parameter uncertainty from Gompertz-style spoilage fits to shelf-life predictions but does not validate the coverage of the resulting intervals.
03_prior_art,10.1016/j.ijfoodmicro.2022.109871,2022,prior_art,Garre A,,,,supporting,Robust estimation method for primary kinetic models when data are noisy/censored; discusses uncertainty but not coverage.
03_prior_art,10.1016/j.foodres.2020.109374,2020,prior_art,Garre A,,,,supporting,Hierarchical/multilevel growth-curve models for separating biological from measurement variability; presents parameter intervals but does not measure their frequentist coverage.
03_prior_art,10.1016/j.ijfoodmicro.2010.09.025,2011,prior_art,Pin C,,,,supporting,Classic ComBase-era growth/survival model under fluctuating conditions; provides prediction uncertainty but no coverage validation.
03_prior_art,10.1128/AEM.70.7.3925-3932.2004,2004,prior_art,Pin C,,,,supporting,Early ComBase-style validation study comparing predictions to independent data; uses RMSE-type metrics rather than CI coverage.
03_prior_art,10.1016/S0168-1605(02)00192-7,2003,prior_art,Pouillot R,,,,direct,One of the earliest applications of Bayesian MCMC to bacterial growth-curve fitting; reports credible intervals but does not check frequentist coverage or sensitivity to prior/misspecification.
03_prior_art,10.1111/j.1539-6924.2005.00665.x,2005,prior_art,Albert I,,,,supporting,Bayesian hierarchical model of Listeria growth with variability components; gives credible intervals on growth rates without coverage diagnostics.
03_prior_art,10.1016/j.ijfoodmicro.2006.01.007,2006,prior_art,Powell MR,,,,direct,Bayesian fit of Jameson-effect competition model to growth data with posterior parameter intervals — relevant Bayesian-growth-curve antecedent but no coverage analysis.
03_prior_art,10.1016/j.foodres.2017.12.033,2018,prior_art,Quinto EJ,,,,supporting,Bayesian competition growth model with prior sensitivity discussion; no coverage assessment.
03_prior_art,10.1016/j.fm.2010.06.006,2011,prior_art,Busschaert P,,,,supporting,Hierarchical Bayesian modelling of censored contamination counts; emphasises uncertainty quantification rather than calibration.
03_prior_art,10.1186/s12918-015-0204-9,2015,prior_art,Rickett LM,,,,supporting,Bayesian growth-rate estimation showing informative priors improve inference on differences — a sensitivity-to-prior result relevant to our discussion.
03_prior_art,10.1142/S0219720016500074,2016,prior_art,Gerstgrasser M,,,,supporting,Bayesian primary-model fits to phenotype microarray growth curves; quantifies posterior parameter uncertainty.
03_prior_art,10.1016/j.ijfoodmicro.2016.06.042,2017,prior_art,Longhi DA,,,,supporting,Uses OED on non-isothermal Baranyi fits to reduce parameter standard errors; assumes correct model.
03_prior_art,10.1016/j.fm.2018.05.010,2018,prior_art,Akkermans S,,,,supporting,"Compares D-/E-optimal and standard DoE for growth-model estimation; reports parameter precision (CV, SE) without coverage."
03_prior_art,10.1016/0168-1605(94)00136-T,1995,prior_art,Dalgaard P,,,,tangential,Foundational shelf-life model with empirical validation against independent challenge tests; classic ComBase-era validation paradigm.
03_prior_art,10.1093/bioinformatics/btp358,2009,prior_art,Raue A,,,,foundational,Standard reference establishing the profile-likelihood approach to practical identifiability and CI construction in nonlinear ODE models — directly applicable to growth-curve fits.
03_prior_art,10.1093/bioinformatics/btv743,2016,prior_art,Hass H,,,,foundational,Constructs prediction bands for ODE trajectories via profile-likelihood integration; directly applicable to growth-curve predictive intervals.
03_prior_art,10.1098/rsif.2017.0126,2017,prior_art,Ionides EL,,,,foundational,Develops Monte Carlo profile CI methodology for noisy partially-observed dynamic systems with proof of nominal coverage under regularity.
03_prior_art,10.1371/journal.pcbi.1011417,2023,prior_art,Tönsing C,,,,foundational,Studies finite-sample LRT calibration for nonlinear ODE models and shows when chi-square approximation fails — directly bears on our claim that asymptotic CIs miscover at small N.
03_prior_art,10.1098/rsif.2020.0055,2020,prior_art,Simpson MJ,,,,foundational,Demonstrates profile-likelihood identifiability and CI coverage for biological growth/invasion PDE/ODE models with simulation studies — close in spirit to our work but for cell-invasion models.
03_prior_art,10.1016/j.jtbi.2017.07.018,2017,prior_art,Eisenberg MC,,,,foundational,Simulation study of identifiability and confidence-region coverage for biological-ODE fits; shows how unidentifiability inflates intervals.
03_prior_art,10.1371/journal.pone.0210953,2019,prior_art,Ren X,,,,foundational,Algorithm for profile-likelihood CIs in nonlinear dose-response (structurally similar to growth) with simulation-based coverage check.
03_prior_art,10.1111/j.0006-341X.2000.01204.x,2000,prior_art,Bellio R,,,,foundational,Classic reference for higher-order likelihood (Skovgaard/modified profile) CIs in nonlinear regression including dose-response curves — methodological backbone for any small-sample nonlinear CI work.
03_prior_art,ISBN:978-0471617600,1989,prior_art,Seber GAF,,,,foundational,"The standard textbook reference for inference in nonlinear regression including linearisation Wald intervals, likelihood-based intervals, and curvature diagnostics."
03_prior_art,ISBN:978-0471816430,1988,prior_art,Bates DM,,,,foundational,"Standard textbook covering intrinsic/parameter-effects curvature, profile traces, and the bias of Wald CIs in nonlinear regression — direct intellectual ancestor of any growth-curve CI critique."
03_prior_art,ISBN:978-0521847032,2007,prior_art,Brazzale AR,,,,foundational,Definitive case-study treatment of higher-order asymptotic CIs in nonlinear and non-Gaussian models including nlreg software — relevant to small-sample growth-curve fits.
03_prior_art,10.1007/s11222-016-9696-4,2017,prior_art,Vehtari A,,,,foundational,Foundational PSIS-LOO paper introducing fast and stable Bayesian model evaluation with importance-weight diagnostics; essential citation for any modern Bayesian inference workflow.
03_prior_art,arXiv:1507.02646,2024,prior_art,Vehtari A,,,,foundational,Technical foundation of PSIS — generalized-Pareto tail fitting to stabilize importance weights with k-hat diagnostic for unreliable weights.
03_prior_art,arXiv:1804.06788,2018,prior_art,Talts S,,,,foundational,Defines SBC: rank statistics under data simulated from the prior should be uniform if the posterior sampler is correctly calibrated — the canonical way to detect mis-calibration of Bayesian intervals.
03_prior_art,10.1098/rsta.2011.0541,2012,prior_art,Hoff P,,,,foundational,Constructs Bayesian posteriors that target the pseudo-true parameter under model misspecification with asymptotic frequentist coverage — directly relevant theoretical backdrop for our misspec results.
03_prior_art,arXiv:1612.03257,2019,prior_art,Buja A,,,,foundational,Develops a model-free theory of parametric regression under misspecification including sandwich variance estimators — frequentist counterpart to the Hoff-Wakefield Bayesian sandwich.
03_prior_art,arXiv:1910.09227,2019,prior_art,de Heide R,,,,foundational,Establishes safe-Bayes (learning-rate-tempered) posteriors that concentrate around the KL-projection under misspecification — foundational generalised-Bayes reference.
03_prior_art,arXiv:1605.00252,2016,prior_art,Grünwald PD,,,,foundational,Theoretical convergence rates for generalised Bayes under misspecification across loss functions; underpins the safe-Bayes coverage story.
03_prior_art,arXiv:2107.01688,2021,prior_art,Wu P-S,,,,supporting,Generalised predictive calibration algorithm that tunes the learning rate so credible intervals achieve nominal coverage under misspecification.
03_prior_art,arXiv:2012.11349,2020,prior_art,Wu P-S,,,,supporting,Benchmarks learning-rate tuning methods for safe-Bayes using coverage probability as a primary metric — exactly the kind of calibration diagnostic we use.
03_prior_art,arXiv:1807.00263,2018,prior_art,Kuleshov V,,,,tangential,Post-hoc isotonic calibration of regression credible intervals to nominal coverage — a recalibration approach broadly relevant to our misspecification fix.
03_prior_art,arXiv:2502.03279,2025,prior_art,Säilynoja T,,,,supporting,Extends SBC to validate posterior inference conditional on the observed data — directly applicable to ODE-/growth-curve calibration checks.
03_prior_art,arXiv:2211.02383,2022,prior_art,Modrák M,,,,supporting,Refines SBC by using data-dependent test quantities; increases sensitivity to subtle miscalibration relevant to nonlinear/ODE fits.
03_prior_art,arXiv:1902.06281,2019,prior_art,Bürkner P-C,,,,supporting,PSIS-based approximate LFO-CV for time-series models — directly applicable to evaluating Bayesian growth-curve predictive performance.
03_prior_art,arXiv:1704.02030,2017,prior_art,Yao Y,,,,supporting,"Bayesian model stacking under M-open (i.e., misspecified) settings using PSIS weights; addresses misspecification by averaging rather than picking one model."
03_prior_art,arXiv:2210.06921,2022,prior_art,Baek Y,,,,supporting,Gibbs/safe-Bayes posterior framework for PDE-based inverse problems with model misspecification — methodologically analogous to misspecified ODE growth fits.
03_prior_art,arXiv:1211.0087,2012,prior_art,Hoff P,,,,foundational,Bayesian posteriors that are asymptotically calibrated to the pseudo-true parameter under misspecification — theoretical justification for sandwich-style adjustments to Bayesian CIs.
03_prior_art,10.4315/0362-028X.JFP-12-424,2013,prior_art,Schaffner DW,,,,tangential,Risk-management application of predictive-microbiology models; demonstrates use but not statistical calibration.
03_prior_art,10.1186/1471-2105-14-S10-S7,2013,prior_art,Hock S,,,,supporting,Profile-likelihood-based parameter identifiability and CI construction for biological diffusion models — methodological cousin to growth-curve fits.
03_prior_art,10.3389/fmolb.2022.800856,2022,prior_art,Litwin T,,,,supporting,Uses 2D profile-likelihoods for OED in ODE models; closely related toolkit to ours.
03_prior_art,10.1371/journal.pcbi.1008495,2020,prior_art,Borisov I,,,,supporting,Software-focused implementation of profile-likelihood CIs for systems-biology ODE models with explicit identifiability handling.
04_claims,10.1111/eva.12196,2015,comparative_claim,Melnyk,,95% CI on aggregate mean fitness,"random-effects meta-analysis (metagen, R::meta)",D2_evolution,"Mean relative fitness of antibiotic resistance mutations across 128 studies = 0.880 (significantly < 1, z=129.3, p<0.0001); Gram-positive mean = 0.822 vs Gram-negative 0.973 (t=-5.19, p<0.0001). Paper"
04_claims,10.1021/acsinfecdis.3c00156,2023,comparative_claim,Chowdhury,,SEM (N=16) — no CI on fitted parameters,two-sample t-tests with unequal variances,D1_drug_resistance,OM (omadacycline-resistant E. coli) shows AUC of growth curve ~8x lower than WT; resistant strain reaches stationary density ~5-fold below WT; fitness-recovery evolved line (5X) shows AUC ~5x above OM
04_claims,10.7554/eLife.93520,2024,comparative_claim,Hitomi,,standard errors from N=4-6 biological reps,Mann-Whitney U,D2_evolution,Eight of nine experimentally evolved E. coli lines from a genome-reduced ancestor showed 'highly significant' growth-rate improvement; 'primarily decreased growth rate caused by genome reduction was s
04_claims,10.3390/foods10051099,2021,comparative_claim,Pennone,,95% CI from nonlinear mixed-effects (nlme),one-way ANOVA + Tukey HSD; mixed-effects omnibus model,D4_predictive_micro,L. monocytogenes growth rate at 12°C: μ_max = 0.1126 (95% CI 0.1049-0.1480) h⁻¹ for strain 954; at 4.5°C: 0.0410 (95% CI 0.0364-0.0459) h⁻¹. Authors stress that omnibus (mixed-effects) modelling produ
04_claims,10.4315/0362-028X.JFP-14-428,2015,comparative_claim,Luo,,"relative error, standard error of prediction",primary Baranyi fit + secondary models (Ratkowsky / Davey),D4_predictive_micro,Baranyi-fit μ_max and lag time of L. monocytogenes on fresh pork modelled vs storage temperature 5-35°C; secondary models drive shelf-life recommendations. Relative-error proportions of 0.79 (SGR) and
04_claims,10.3389/fmicb.2022.758237,2022,comparative_claim,Pedreira,,"parameter ± CI in Table 4 (e.g., k_a = 15 ± 63)",max log-likelihood; AIC/BIC for model selection,D1_drug_resistance,DDAC dose-response: B. cereus μ falls from ~0.6 to ~0.4 /h between 0 and 0.5 mg/L; computed MIC = 1.39 mg/L (B. cereus) and 2.86 mg/L (E. coli). MIC drives regulatory recommendations on biocide use.
04_claims,10.1046/j.1365-2672.2000.01017.x,2000,comparative_claim,Lambert,,mentions 'more exact'; no formal CI in abstract,nonlinear LS Gompertz fit,D1_drug_resistance,Proposed method: fit modified Gompertz to OD vs antimicrobial concentration to extract MIC and NIC. Used widely in EUCAST-adjacent susceptibility testing.
04_claims,10.1186/s12859-016-1016-7,2016,comparative_claim,Sprouffske,,none (point estimates only by default),point comparison; users typically run ad-hoc t-test on replicate-level r/K,D2_evolution; D3_knockouts,"Growthcurver R package: fits logistic to OD600, returning r (intrinsic growth rate), K (carrying capacity), N0. 937 growth curves, 33 E. coli K12 strains; r and K used directly to *compare* strains. P"
04_claims,10.1186/gb-2014-15-4-r64,2014,comparative_claim,North,,SD across replicates,z-score / t-test vs WT distribution,D3_knockouts,Broad metabolic-sensitivity profiling of prototrophic yeast deletion collection — growth-rate phenotypes across 16 conditions classified as 'hit' if statistically lower than WT; thousands of mutant-co
04_claims,10.1038/s41467-021-23451-y,2021,comparative_claim,La Rosa,,95% CI via bootstrap (500 reps),power-law model + bootstrap CI; comparing per-strain trajectories,D2_evolution; D1_drug_resistance,P. aeruginosa starting strains averaged μ_max = 0.37 ± 0.03 /h; after ALE: strain 141_CP = 1.28 ± 0.02 /h; 10_CP = 1.08 ± 0.02 /h; 427.1_CP = 0.87 ± 0.02 /h. Three strains plotted as significantly dif
04_claims,10.1128/AEM.00251-06,2006,comparative_claim,Lindqvist,,95% CI on means; SD across strains,ANOVA on method and biotype; two-sample t for method comparison,D4_predictive_micro,34 S. aureus strains compared at 17°C: μ_max range 0.07-0.24 /h (mean 0.13 ± 0.05 /h); lag range 1.2-25.2 h. Strain-to-strain variation in fitted parameters used to argue for strain heterogeneity in p
04_claims,10.1590/S1517-83822010000200006,2010,comparative_claim,von Groll,,99% CI,standardization vs MGIT960 method,D1_drug_resistance,"REMA-GC method for M. tuberculosis growth kinetics: MDR isolate 06-235 had the slowest growth rate among 21 clinical isolates; lag phase 99% CI = 43-131 h, growth rate 99% CI = 18-27 h. Used to argue "
04_claims,10.1038/s41467-021-22849-y,2021,comparative_claim,Alonso-del Valle,,SE across triplicates; tests vs neutrality,t-tests vs 1.0; distribution analysis,D2_evolution; D1_drug_resistance,Variability of plasmid fitness effects across hosts: distribution of relative fitness (plasmid+ vs plasmid-) measured across ~50 enterobacterial host strains; argues plasmid persistence is explained b
04_claims,10.1038/s41467-023-38022-6,2023,comparative_claim,Hernando-Amado / Alonso-del Valle,,SE; correlation p-values,Pearson/Spearman correlation across plasmid×antibiotic combinations,D1_drug_resistance,Trade-off between lag time and growth rate drives plasmid acquisition cost; acquisition cost and lag show strong positive correlation while growth rate is uncorrelated with cost across plasmids/antibi
04_claims,10.3389/fmicb.2020.00798,2020,comparative_claim,Choi,,SD; p<0.05,"Student's t, one-way ANOVA",D1_drug_resistance,"Colistin-resistant E. coli (chromosome- vs plasmid-mediated) show no significant difference in growth rate vs susceptible parents, but competition index (CI) <1 for chromosomal mutants. Conclusion: 'n"
04_claims,10.3389/fmicb.2014.00544,2014,comparative_claim,Theophel,,SD selectively shown in figures only,descriptive — visual comparison of growth curves,D1_drug_resistance,"6 antibiotics (cefoxitin, daptomycin, fosfomycin, fusidic acid, moxifloxacin, vancomycin) show different MIC at 20h vs 48h based on kinetic growth-curve readouts; fosfomycin at 8 μg/mL gives 'consider"
04_claims,10.1371/journal.pcbi.1007066,2019,comparative_claim,Cheng,,SD across duplicates,linear regression r² and p-value,D2_evolution,E. coli ALE end-point strains: μ rises from 0.7 /h (WT) to 0.95-1.10 /h; q_glc and q_ac span 3.9-11.4 mmol/gDW/h; claims a 'two-dimensional rate-yield tradeoff' from these comparisons.
04_claims,10.1099/jmm.0.000228,2015,comparative_claim,various,,SD; p<0.05,ANOVA across primary models,D1_drug_resistance,"Studies routinely score 10-20% growth-rate reduction in rifampicin-resistant strains vs WT using Baranyi/Gompertz fits at α=0.05, supporting strain-level fitness-cost claims."
05_stakes,https://pmc.ncbi.nlm.nih.gov/articles/PMC9767744/,2022,paper,,,Cross-model discordance; the underlying tools deliver only MAP point estimates and rarely surface model-structure uncertainty to the clinician.,,clinical_PK_TDM,"Three Bayesian vancomycin PK models (Goti, Colin, Thomson) agreed on AUC-based dosing decisions in only 48% of 466 critically ill patient cases; clinicians using different models would reach divergent"
05_stakes,https://pmc.ncbi.nlm.nih.gov/articles/PMC7063976/,2020,paper,,,Showed harm pathway from biased CIs but does not propose calibrated CI fixes; recommends better data capture rather than statistical correction.,,clinical_PK_TDM,"Inaccurate documentation of infusion/sample times causes biased parameter estimates and adverse PK/PD target-attainment calculations in MIPD; a misspecified model ""falsely overestimated time above MIC"
05_stakes,https://doseme-rx.com/ ; https://www.insight-rx.com/,2024,software,,,"MAP point estimate is the primary output. Posterior uncertainty is computed internally but only partially surfaced (often as a forecast band on the concentration curve, not as a credible interval on AUC).",,clinical_PK_TDM,DoseMeRx and InsightRX Nova are the dominant commercial Bayesian TDM platforms; both use Maximum A Posteriori (MAP) Bayesian estimation as the workhorse. InsightRX exposes a prior-weighting knob (1.0 
05_stakes,https://pubmed.ncbi.nlm.nih.gov/30362592/,2018,review,,,Predictive accuracy reported as point bias; uncertainty quantification of the dosing recommendation itself is not consistently reported across programs.,,clinical_PK_TDM,Validation of 5 vancomycin Bayesian programs: accuracy ranged 0.79-1.03 and bias ranged 5.1-21.2% using only a trough; software choice materially affects AUC estimate.
05_stakes,https://pubmed.ncbi.nlm.nih.gov/37579945/,2023,paper,,,Trial reported target-attainment rates as binary outcomes; did not quantify miscalibration of the model's own credible intervals.,,clinical_PK_TDM,Prospective cohort in ICU showed Bayesian forecasting software (ID-ODS) increases probability of antibiotic target attainment vs conventional dosing.
05_stakes,https://pmc.ncbi.nlm.nih.gov/articles/PMC7289778/,2020,paper,,,Documents that standard NONMEM CIs are miscalibrated for small datasets - direct relevance to MisspecStudy.,,clinical_PK_TDM,"In pharmacometric analyses with small n, asymptotic standard errors from NONMEM covariance step are unreliable; log-likelihood profiling and SIR are recommended alternatives."
05_stakes,https://www.wright-dose.com/tip1.php ; https://ascpt.onlinelibrary.wiley.com/doi/10.1002/psp4.12422,2019,paper/review,,,"Acknowledges that the default mechanism for producing CIs in the dominant pop-PK tool routinely fails, forcing modelers to bootstrap or skip CIs.",,clinical_PK_TDM,NONMEM covariance step failure is common; failure means standard errors and confidence intervals on parameters are unavailable or unreliable.
05_stakes,https://www.fda.gov/regulatory-information/search-fda-guidance-documents/physiologically-based-pharmacokinetic-analyses-format-and-content-guidance-industry,2018,guideline,,,Sensitivity analysis is recommended but a quantitative uncertainty bound on PBPK predictions is not strictly mandated; risk-based credibility framework being developed under ICH M15.,,clinical_PK_PBPK,"FDA PBPK Format and Content Guidance: sensitivity analysis is required for key/uncertain parameters; reviewers consistently emphasize ""pervasive uncertainty"" in PBPK submissions. Acceptance is case-by"
05_stakes,https://www.ema.europa.eu/en/reporting-physiologically-based-pharmacokinetic-pbpk-modelling-simulation-scientific-guideline,2018,guideline,,,Reporting of SEs/CIs is required but the guideline does not prescribe a particular calibration check for those CIs.,,clinical_PK_PBPK,EMA PBPK reporting guideline requires sensitivity analysis on parameters considered key or uncertain; standard errors / confidence intervals should be presented for population PK parameters.
05_stakes,https://www.fda.gov/media/155925/download,2022,guideline,,,Multiple methods accepted; no statement on which method gives best-calibrated CIs. Calibration of intervals is not directly checked at regulatory review.,,clinical_PK_popPK,"FDA Population Pharmacokinetics final guidance (Feb 2022): parameter estimates should be presented with standard errors and/or CIs; bootstrap, SIR, log-likelihood profiling, or asymptotic SEs are acce"
05_stakes,https://www.ema.europa.eu/en/reporting-results-population-pharmacokinetic-analyses-scientific-guideline,2007,guideline,,,Same uncertainty-reporting requirement; no calibration assessment built into the workflow.,,clinical_PK_popPK,EMA pop-PK reporting guideline: CIs/SEs of population parameters should be reported because they indicate precision of estimates.
05_stakes,https://database.ich.org/sites/default/files/ICH_M15_EWG_Step2_DraftGuideline_2024_1031.pdf,2024,guideline,,,"Explicit endorsement of uncertainty propagation in simulation, but no normative test on whether the credible intervals are well-calibrated under the assumed model.",,clinical_PK_MIDD,ICH M15 (draft) on Model-Informed Drug Development: simulation methods should account for parameter and assumption uncertainties; introduces risk-based credibility framework.
05_stakes,https://www.sciencedirect.com/science/article/pii/S1198743X14616402,2012,paper/methodology,,,Monte Carlo on parameter and MIC uncertainty is the propagation mechanism. Model misspecification in the population PK model would directly bias PTA estimates and hence the breakpoint.,,antimicrobial_breakpoints,EUCAST sets PK/PD breakpoints via Monte Carlo simulation incorporating population PK uncertainty and MIC distributions; the probability of target attainment (PTA) is the central decision metric. Break
05_stakes,https://www.eucast.org/ ; https://www.clinicalmicrobiologyandinfection.org/article/S1198-743X(14)64063-5/fulltext,2003-2024,guideline,,,"MIC variability is explicitly acknowledged as a 1-dilution band; ATU is a categorical warning, not a propagated probability distribution into dose decisions.",,antimicrobial_AST,"Broth MIC tests are reproducible only to within +/- one doubling dilution. EUCAST introduced an ""Area of Technical Uncertainty (ATU)"" for known-difficult organism/agent combinations."
05_stakes,https://www.eucast.org/warning-detail/cefiderocol-eucast-has-evaluated-august-2022-commercially-available-tests-and-all-have-problems-with-accuracy-reproducibility-bias-and-or-for-some-with-skipped-wells/,2022,guideline_warning,,,Reporting flagged at the regulatory level; no formal CI is reported with the S/I/R call to the clinician.,,antimicrobial_AST,"Documented real-world consequence: EUCAST formally warned that commercially available cefiderocol AST tests have ""problems with accuracy, reproducibility, bias and/or skipped wells"", meaning clinical "
05_stakes,https://combase.errc.ars.usda.gov/,2024,software,,,Recent extensions implement bootstrap-based 95% prediction intervals (2.5/97.5 percentile of aggregated bootstrap predictions) - explicit acknowledgement that point predictions are insufficient.,,food_safety_predictive_micro,"ComBase Predictor (USDA/UK/IFR) houses >60,000 records and uses Baranyi as the primary growth model; main outputs are point predictions of N(t)."
05_stakes,https://www.mdpi.com/2304-8158/12/24/4461,2023,review,,,Bias quantified post-hoc; prediction intervals reported but the documented fail-dangerous rate is a direct stakes signal.,,food_safety_predictive_micro,Baranyi model is the de facto primary growth model in HACCP / shelf-life prediction. Lag-time predictions for Listeria in RTE meats showed 7% fail-dangerous bias (i.e. predicted less growth than actua
05_stakes,https://www.efsa.europa.eu/sites/default/files/consultation/150618.pdf ; doi:10.2903/j.efsa.2018.5123,2018,guideline,,,Mandatory for EFSA scientific opinions but reliant on assessor's choice of method; calibration check is not required.,,food_safety_predictive_micro,EFSA Guidance on Uncertainty Analysis in Scientific Assessment: uncertainty must be expressed quantitatively where possible and incorporated in BIOHAZ panel scientific opinions. Variability and uncert
05_stakes,https://www.fao.org/fao-who-codexalimentarius/sh-proxy/ru/?lnk=1&url=https://workspace.fao.org/sites/codex/Standards/CXG+30-1999/CXG_030e_2014.pdf,1999/2014,guideline,,,Required at the international standard level but specific propagation methods left to the assessor.,,food_safety_QMRA,Codex Alimentarius CXG 30: microbiological risk assessment must include uncertainty and sensitivity analysis; growth modelling is an integral exposure-assessment input.
05_stakes,https://www.fda.gov/food/hazard-analysis-critical-control-point-haccp/haccp-principles-application-guidelines,1997,guideline,,,Validation against CIs is explicit; ongoing uncertainty propagation into the safety decision is not built into the guideline.,,food_safety_HACCP,FDA HACCP guidelines: predictive models (including Baranyi-style growth models) can support critical-limit setting; model predictions should be compared against 95% confidence intervals during validat
05_stakes,https://pmp.errc.ars.usda.gov/,2014,software,,,"Outputs include fitted Baranyi/Gompertz parameters and (in IPMP 2013) some confidence intervals; downstream propagation into shelf-life is user-driven, not automatic.",,food_safety_pathogen_modeling,USDA Pathogen Modeling Program (PMP Online) and Integrated Pathogen Modeling Program (IPMP) are USDA-supplied tools for growth-curve fitting in regulatory contexts.
05_stakes,https://efsa.onlinelibrary.wiley.com/doi/10.2903/j.efsa.2018.5134 ; https://www.ecdc.europa.eu/en/publications-data/prolonged-multi-country-cluster-listeria-monocytogenes-st155-infections ; https://www.sciencedirect.com/science/article/pii/S0362028X2600102X,2018-2024,paper/regulatory,,,Regulator openly admits prediction uncertainty is large enough to make confident shelf-life calls infeasible - direct real-world stakes.,,food_safety_outbreak_evidence,"EFSA states that ""for RTE foods that support L. monocytogenes growth, it is impossible to predict with a high degree of certainty that the level will or will not exceed 100 CFU/g during their shelf li"
05_stakes,https://pmc.ncbi.nlm.nih.gov/articles/PMC3755222/ ; https://pmc.ncbi.nlm.nih.gov/articles/PMC7146123/,2013-2020,paper/review,,,"Growth-rate uncertainty propagated through state estimators (extended Kalman filters, particle filters); some MPC formulations use Monte Carlo on parameter uncertainty.",,industrial_bioprocess,"Soft sensors (off-gas, capacitance, oxygen-uptake-rate) estimate biomass and specific growth rate in real time for fed-batch fermentation including mAb-producing CHO cultures. These estimates feed PID"
05_stakes,https://www.sciencedirect.com/science/article/abs/pii/S0098135424004095,2024,paper,,,Many production deployments operate on point estimates; confidence in the prediction is rarely surfaced to operators.,,industrial_bioprocess,MLOps soft sensors deployed in industrial-scale fed-batch fermentation use ML models that may not propagate parameter uncertainty at all.
05_stakes,https://www.fda.gov/regulatory-information/search-fda-guidance-documents/pat-framework-innovative-pharmaceutical-development-manufacturing-and-quality-assurance,2004,guideline,,,Encouraged at the framework level but with no specific requirement on growth-rate CI calibration.,,industrial_bioprocess_regulatory,FDA PAT framework: process understanding requires characterizing variability in CPPs and KPIs; QbD principles encourage building uncertainty bounds into control strategies.
05_stakes,https://link.springer.com/article/10.1007/BF00369473,1990s,paper,,,Robust control methods exist but adoption in production bioprocess control is uneven.,,industrial_bioprocess,Classic batch-fermentation control under uncertainty literature; modeling parameter uncertainty has been a known issue for >30 years.
05_stakes,https://www.frontiersin.org/journals/manufacturing-technology/articles/10.3389/fmtec.2024.1392038/full,2024,paper,,,"Decisions to abort/discard a batch are based on parameter deviation thresholds, not on calibrated CIs.",,industrial_bioprocess,Golden batch anomaly detection in bioreactor fermentation: deviations from reference parameters trigger root-cause analyses for out-of-trend batches that may be discarded.
05_stakes,https://pmc.ncbi.nlm.nih.gov/articles/PMC8644319/ ; https://accpjournals.onlinelibrary.wiley.com/doi/10.1002/phar.2722,2021-2022,meta_analysis,,,Meta-analyses treat the dosing approach as a binary intervention; do not stratify by calibration quality of the underlying Bayesian models.,,clinical_outcomes_meta,AUC-guided (typically Bayesian) vancomycin TDM associated with lower nephrotoxicity (6.2%) vs trough-guided (17.0%); odds ratio for AKI 0.625.
05_stakes,https://pmc.ncbi.nlm.nih.gov/articles/PMC12708608/ ; https://www.frontiersin.org/journals/medicine/articles/10.3389/fmed.2025.1575224/full,2025,paper,,,Outcomes assessed at the cohort level; whether individual-patient credible intervals were trustworthy is not separately validated.,,clinical_outcomes,Recent prospective evaluations of Bayesian vancomycin software in pediatric ARC and ICU patients show improved target attainment vs conventional dosing.
05_stakes,https://accp1.org/pdfs/documents/STEP/3_Goutelle-et-al-2022-Parametric-vs-non-parametric-Pop-PK.pdf ; https://pubmed.ncbi.nlm.nih.gov/22722776/,2012-2022,paper,,,Bootstrap-based parameter uncertainty (200 resamples standard). Explicit acknowledgement that parametric CIs can be miscalibrated under non-Gaussian/multimodal parameter distributions.,,nonparametric_methods,"Pmetrics/NPAG and BestDose use nonparametric estimation, designed specifically to detect subpopulations and outliers that parametric methods miss. Argued to improve coverage in misspecified-prior scen"
05_stakes,https://academic.oup.com/jac/article/66/2/227/720360,2011,paper/review,,,"Parameter uncertainty IS propagated via Monte Carlo (typically 10,000 iterations). However, the propagation assumes the parameter posterior is correctly characterized - if covariance matrix is miscalibrated (common, see SIR papers), PTA estimates are biased.",,antimicrobial_PKPD_MCS,"Mouton & Vinks: Monte Carlo simulation maximizes population PK data to optimize antibiotic dosing in critically ill patients. Standard workflow: (1) population PK with parameter covariance, (2) MIC di"
05_stakes,https://pubmed.ncbi.nlm.nih.gov/41313259/,2025,paper,,,Monte Carlo on parameter uncertainty drives the dosing simulation; calibration of CIs underlying the MCS not separately reported.,,antimicrobial_PKPD_piperacillin,Development of pop-PK models of total and free piperacillin in critically ill children for Monte Carlo simulations and MIPD. Direct application of parameter-uncertainty-propagated MCS to dose recommen
05_stakes,https://www.asme.org/codes-standards/find-codes-standards/v-v-40-assessing-credibility-computational-modeling-verification-validation-application-medical-devices,2018,guideline,,,Risk-based credibility framework explicitly ties stakes to required level of validation. Calibration of uncertainty intervals is not separately tested but is part of credibility assessment.,,ich_credibility_v_and_v,"ASME V&V 40-2018 ""Assessing Credibility of Computational Modeling Through Verification and Validation: Application to Medical Devices"" is referenced by ICH M15 draft as the credibility framework. Mode"
05_stakes,https://link.springer.com/article/10.1007/s12393-024-09382-6 ; https://www.sciencedirect.com/science/article/abs/pii/S0168160520303494,2020-2024,review,,,Field acknowledges miscalibration; few empirical coverage studies published.,,predictive_micro_review,30-year review of Baranyi & Roberts model. Documents that bias in growth-rate / lag estimates is the dominant source of error in shelf-life prediction; prediction-interval coverage is rarely validated
05_stakes,https://www.sciencedirect.com/science/article/pii/S0740002012001098,2012,paper,,,Validates point predictions only - does not test whether reported 95% intervals achieve 95% coverage.,,predictive_micro_validation,"Ross's accuracy factor (Af) and bias factor (Bf) are the standard validation metrics in predictive microbiology. EU FBR-EFSA-style ""fail-dangerous"" criterion: model predicts safer than reality."
05_stakes,https://ascpt.onlinelibrary.wiley.com/doi/10.1002/psp4.12422,2019,review/perspective,,,Direct documentation that the dominant pop-PK estimation tool's default uncertainty estimate is unreliable.,,clinical_PK_perspective,"Bauer review on NONMEM 7.4: covariance step failures are routine, especially with sparse data; bootstrap and SIR are workarounds but each can produce different CI widths for the same dataset."
